Variant,PPL,ARC (%),Size (GB),VRAM (GB)
Full,8.455939540622788,64.60000000000001,1.6736,1.8079
Attn-Only,8.394947152101409,65.60000000000001,2.7476,2.7723
MLP-Only,8.455800434103777,64.0,1.8164,1.9495
