Variant,PPL,ARC (%),Size (GB),VRAM (GB)
Full,9.914489646228821,64.60000000000001,1.6736,1.8079
Attn-Only,9.827102115562228,65.60000000000001,2.7476,2.7723
MLP-Only,9.91352999047113,64.0,1.8164,1.9495
