{
  "dataset": "wikitext/wikitext-2-raw-v1",
  "split": "test",
  "max_length": 2048,
  "stride": 1024,
  "num_tokens": 131072,
  "num_windows": 127,
  "perplexity": 8.394947152101409,
  "elapsed_sec": 36.658324241638184,
  "elapsed_hms": "00:00:36",
  "peak_vram_gb": 6.337512969970703
}