{
  "dataset": "arc_challenge",
  "num_samples": 500,
  "max_new_tokens": 5,
  "accuracy": 0.646,
  "correct": 323,
  "elapsed_sec": 257.38995456695557,
  "elapsed_hms": "00:04:17",
  "peak_vram_gb": 1.8078837394714355
}