{
  "dataset": "wikitext/wikitext-2-raw-v1",
  "split": "test",
  "max_length": 512,
  "stride": 256,
  "num_tokens": 131072,
  "num_windows": 127,
  "perplexity": 9.914489646228821,
  "elapsed_sec": 120.89181900024414,
  "elapsed_hms": "00:02:00",
  "peak_vram_gb": 5.264730453491211
}