{
  "dataset": "arc_challenge",
  "num_samples": 500,
  "max_new_tokens": 5,
  "accuracy": 0.648,
  "correct": 324,
  "elapsed_sec": 149.8713071346283,
  "elapsed_hms": "2:29",
  "peak_vram_gb": 11.182299613952637
}