{
  "dataset": "arc_challenge",
  "num_samples": 500,
  "max_new_tokens": 5,
  "accuracy": 0.656,
  "correct": 328,
  "elapsed_sec": 131.2840497493744,
  "elapsed_hms": "2:11",
  "peak_vram_gb": 5.7050676345825195
}